Later source lesson,Source title,Required programme locations
ai-1/1,Evidence and decision mechanisms,ai-1/1
ai-1/2,Representations and information paths,ai-1/2
ai-1/3,Sensors and measurement,ai-1/3
ai-1/4,Rules and learned patterns,ai-1/4
ai-1/5,Images as numerical grids,ai-1/5
ai-1/6,Sound as sampled information,ai-1/6
ai-1/7,Categories and operational labels,ai-1/7; ai-2/8
ai-1/8,Features and useful distinctions,ai-1/8; ai-2/9
ai-1/9,Algorithms and changing state,ai-1/9
ai-1/10,Conditions and boundary cases,ai-1/10
ai-1/11,Loops and stopping rules,ai-1/11
ai-1/12,Debugging with revealing tests,ai-1/12
ai-1/13,Fitting a pattern from examples,ai-1/13
ai-1/14,Constructing a classifier,ai-1/14; ai-2/10
ai-1/15,Keeping final tests unseen,ai-1/15
ai-1/16,Uncertainty and review,ai-1/16
ai-1/17,Predictions and observations,ai-1/17
ai-1/18,Confidence and correctness,ai-1/18
ai-1/19,Similarity and selected features,ai-1/19
ai-1/20,Recommendations and feedback,ai-1/20
ai-1/21,Data quality and documented repair,ai-1/21
ai-1/22,Sampling and coverage,ai-1/22
ai-1/23,Fractions and performance comparisons,ai-1/23
ai-1/24,Privacy and data minimisation,ai-1/24
ai-1/25,Generation retrieval and calculation,ai-1/25
ai-1/26,Specifying and testing prompts,ai-1/26
ai-1/27,Verifying claims and quantities,ai-1/27
ai-1/28,Human authority and permission,ai-1/28
ai-1/29,A problem worth solving,ai-1/29
ai-1/30,Requirements and a simple baseline,ai-1/30
ai-1/31,Designing a complete decision process,ai-1/31
ai-1/32,Building and tracing a paper prototype,ai-1/32
ai-1/33,Testing routine cases,ai-1/33
ai-1/34,Testing boundaries and varied conditions,ai-1/34
ai-1/35,Improving and checking regressions,ai-1/35
ai-1/36,Evaluating and explaining your project,ai-1/36
ai-2/1,From a paper algorithm to Python,ai-2/1; ai-3/23; python-bridge/1
ai-2/2,Values variables and types,python-bridge/2
ai-2/3,Expressions and operator order,python-bridge/3
ai-2/4,Boolean conditions,python-bridge/4
ai-2/5,Branching and boundary tests,ai-2/3; python-bridge/5
ai-2/6,Loops and trace tables,ai-2/4; ai-2/5; python-bridge/6
ai-2/7,Lists and indexing,python-bridge/7
ai-2/8,Functions and arguments,ai-2/2; python-bridge/8
ai-2/9,Return values and local state,python-bridge/9
ai-2/10,Dictionaries and records,python-bridge/10
ai-2/11,Reading structured data,python-bridge/11
ai-2/12,Testing and debugging functions,ai-2/6; python-bridge/12
ai-2/13,Rows columns and schemas,ai-2/7; ai-4/4
ai-2/14,Missing values and validation,ai-2/18
ai-2/15,Units conversions and data provenance,ai-4/5
ai-2/16,Summaries with counts and proportions,ai-2/12
ai-2/17,Mean median and unusual values,ai-2/17
ai-2/18,Graphs and honest scales,ai-2/19
ai-2/19,Questions populations and samples,ai-2/19
ai-2/20,Selection bias and coverage,ai-2/20
ai-2/21,Relationships and confounding,ai-4/29
ai-2/22,Distance between feature vectors,ai-2/21
ai-2/23,Weighted scores and constraints,ai-2/23
ai-2/24,Implementing a recommender,ai-2/24; ai-2/33
ai-2/25,File input and output,ai-4/4
ai-2/26,JSON and interface contracts,ai-3/22
ai-2/27,Exceptions and recovery,ai-4/4
ai-2/28,Versioned experiments,ai-4/26
ai-2/29,Privacy and least privilege,ai-2/31
ai-2/30,A reproducible data investigation,ai-2/32
ai-2/31,Planning the application,ai-2/32
ai-2/32,Building the data pipeline,ai-2/33
ai-2/33,Testing functions and interfaces,ai-2/35
ai-2/34,Evaluating varied cases,ai-2/34
ai-2/35,Improving without hiding failures,ai-2/35
ai-2/36,Defending the data application,ai-2/36
ai-3/1,The machine learning lifecycle,ai-4/1
ai-3/2,Features labels and prediction time,ai-4/2
ai-3/3,Classification and regression,ai-4/3
ai-3/4,Dataset inspection and cards,ai-4/5; ai-4/7; ai-4/9
ai-3/5,Label definitions and disagreement,ai-4/6
ai-3/6,Splits and related examples,ai-2/11; ai-4/8
ai-3/7,A baseline before a model,ai-4/10
ai-3/8,Searching candidate rules,ai-4/13
ai-3/9,Fitting a decision tree,ai-2/14; ai-2/15; ai-4/11
ai-3/10,Nearest neighbours and distances,ai-2/22; ai-4/12
ai-3/11,Scaling without leakage,ai-4/8
ai-3/12,A reproducible classifier pipeline,ai-4/13
ai-3/13,Confusion matrices,ai-2/13; ai-4/15
ai-3/14,Accuracy and class imbalance,ai-2/12; ai-4/16
ai-3/15,Precision recall and denominators,ai-4/17
ai-3/16,Thresholds and consequences,ai-4/25
ai-3/17,Calibration as a group property,ai-4/14
ai-3/18,Error analysis and controlled follow-up,ai-4/18
ai-3/19,Regression and residuals,ai-4/19
ai-3/20,Constant prediction baselines,ai-4/20
ai-3/21,Absolute and squared loss,ai-4/21
ai-3/22,Fitting a line,ai-4/22
ai-3/23,Validation and model selection,ai-4/24
ai-3/24,Final testing and honest claims,ai-4/23
ai-3/25,Overfitting and model capacity,ai-2/16; ai-4/27; ai-4/30
ai-3/26,Learning curves and variability,ai-4/28
ai-3/27,Feature engineering,ai-4/29
ai-3/28,Experimental records and seeds,ai-4/26
ai-3/29,Distribution shift,ai-4/30
ai-3/30,Subgroup evaluation,ai-4/31
ai-3/31,Proxy features and fairness,ai-4/32
ai-3/32,Model cards and review,ai-4/33
ai-3/33,Capstone data and requirements,ai-4/34
ai-3/34,Capstone models and baselines,ai-4/34
ai-3/35,Capstone evaluation and revision,ai-4/35
ai-3/36,Machine learning project defense,ai-4/36
ai-4/1,Representing inputs as vectors,ai-5/1
ai-4/2,Dot products and weighted sums,ai-5/2
ai-4/3,Bias terms and decision boundaries,ai-5/3
ai-4/4,Activation functions,ai-5/4
ai-4/5,Composing layers,ai-5/5
ai-4/6,Forward passes by hand,ai-5/6
ai-4/7,Parameters and architecture,ai-5/7
ai-4/8,Loss functions,ai-5/8
ai-4/9,Slopes and local change,ai-5/9
ai-4/10,Gradients with a numerical check,ai-5/10
ai-4/11,Updating parameters,ai-5/11
ai-4/12,Training a small network,ai-5/12
ai-4/13,Batching and epochs,ai-5/13
ai-4/14,Learning rate experiments,ai-5/14
ai-4/15,Training and validation curves,ai-5/15
ai-4/16,Regularisation and early stopping,ai-5/16
ai-4/17,Initialisation and reproducibility,ai-5/17
ai-4/18,Debugging shapes and gradients,ai-5/18
ai-4/19,Learned representations,ai-5/19
ai-4/20,Image tensors and channels,ai-5/20
ai-4/21,Convolution as a local operation,ai-5/21
ai-4/22,Pooling and spatial information,ai-5/22
ai-4/23,Training a small image model,ai-5/23
ai-4/24,Augmentation and leakage,ai-5/24
ai-4/25,Sequence representations,ai-5/25
ai-4/26,Embeddings and neighbourhoods,ai-5/26
ai-4/27,Similarity and normalisation,ai-5/27
ai-4/28,Transfer learning,ai-5/28
ai-4/29,Uncertainty and failure analysis,ai-5/29
ai-4/30,Dataset shift in neural models,ai-5/30
ai-4/31,Efficiency and resource measurement,ai-5/31
ai-4/32,Documenting a network experiment,ai-5/32
ai-4/33,Capstone hypothesis and baseline,ai-5/33
ai-4/34,Capstone controlled experiments,ai-5/34
ai-4/35,Capstone limitations and revision,ai-5/35
ai-4/36,Neural network experiment defense,ai-5/36
ai-5/1,Generative and predictive objectives,ai-2/27; ai-3/1
ai-5/2,Tokenisation and vocabulary,ai-2/25
ai-5/3,Next token distributions,ai-3/2
ai-5/4,Sampling and temperature,ai-3/4
ai-5/5,Embeddings and position,ai-3/2
ai-5/6,Attention as weighted information selection,ai-3/3
ai-5/7,A small attention calculation,ai-3/4
ai-5/8,Transformer blocks and residual paths,ai-3/5
ai-5/9,Training objectives and data,ai-3/6
ai-5/10,Context limits and evidence selection,ai-3/3
ai-5/11,Prompt specifications,ai-3/5; ai-3/6
ai-5/12,Structured outputs and validation,ai-3/8
ai-5/13,Controlled prompt experiments,ai-2/28; ai-3/7; ai-3/9
ai-5/14,Generation failures and verification,ai-3/14
ai-5/15,Image generation and provenance,ai-3/10; ai-3/11
ai-5/16,Speech pipelines and multimodal evidence,ai-2/26; ai-3/12; ai-3/13
ai-5/17,Retrieval and indexing,ai-3/17
ai-5/18,Chunking and document structure,ai-3/18
ai-5/19,Lexical and vector retrieval,ai-3/18
ai-5/20,Ranking and retrieval evaluation,ai-3/26
ai-5/21,Building a grounded answer,ai-3/18
ai-5/22,Claim support and citation evaluation,ai-2/29; ai-3/16
ai-5/23,Abstention and clarification,ai-3/31
ai-5/24,Conflicting and time-sensitive sources,ai-3/15
ai-5/25,Prompt injection boundaries,ai-3/27
ai-5/26,Tools and API contracts,ai-3/21
ai-5/27,Conversation state and retention,ai-3/20
ai-5/28,Copyright and permitted sources,ai-3/29
ai-5/29,Representation and bias evaluation,ai-3/30
ai-5/30,Human review and consequential use,ai-3/32
ai-5/31,Latency cost and resource use,ai-3/35
ai-5/32,System evaluation sets,ai-3/25; ai-3/26
ai-5/33,Capstone requirements and corpus,ai-3/19; ai-3/33
ai-5/34,Capstone grounded assistant,ai-3/24; ai-3/34
ai-5/35,Capstone evaluation and revision,ai-3/35
ai-5/36,Generative systems defense,ai-3/36
ai-6/1,Requirements and service boundaries,ai-6/1
ai-6/2,Architecture and data flow,ai-6/2
ai-6/3,Typed contracts and schemas,ai-6/3
ai-6/4,Configuration and secrets,ai-6/4
ai-6/5,Authentication and authorisation,ai-6/5
ai-6/6,Least privilege and tool scopes,ai-2/31; ai-6/6
ai-6/7,Testing pure components,ai-6/7
ai-6/8,Testing model-dependent behaviour,ai-6/8
ai-6/9,Integration tests and fixtures,ai-6/9
ai-6/10,Evaluation pipelines,ai-6/10
ai-6/11,Failure budgets and service objectives,ai-6/11
ai-6/12,Logs traces and privacy,ai-6/12
ai-6/13,State machines for bounded agents,ai-2/30; ai-6/13
ai-6/14,Planning and action selection,ai-6/14
ai-6/15,Approval gates and idempotency,ai-6/15
ai-6/16,Timeouts retries and cancellation,ai-6/16
ai-6/17,External side effects and recovery,ai-6/17
ai-6/18,Untrusted input boundaries,ai-3/31; ai-6/18
ai-6/19,Sandboxing and resource limits,ai-6/19
ai-6/20,Data retention and deletion,ai-3/28; ai-6/20
ai-6/21,Caching and stale information,ai-6/21
ai-6/22,Queues and asynchronous work,ai-6/22
ai-6/23,Deployment environments,ai-6/23
ai-6/24,Release and rollback,ai-6/24
ai-6/25,Monitoring quality drift,ai-6/25
ai-6/26,Incident investigation,ai-6/26
ai-6/27,Human escalation workflows,ai-6/27
ai-6/28,Accessibility and user feedback,ai-6/28
ai-6/29,Performance and cost experiments,ai-6/29
ai-6/30,Security and privacy review,ai-6/30
ai-6/31,Red team exercises,ai-3/27; ai-6/31
ai-6/32,Documentation and operational readiness,ai-6/32
ai-6/33,Capstone service implementation,ai-6/33
ai-6/34,Capstone failure testing,ai-6/34
ai-6/35,Capstone release review,ai-6/35
ai-6/36,Engineering demonstration and defense,ai-6/36
ai-7/1,A question that evidence can answer,ai-7/1
ai-7/2,Reading a research claim,ai-7/2
ai-7/3,Finding primary research,ai-7/3
ai-7/4,Methods results and limitations,ai-7/4
ai-7/5,Replication and reproduction,ai-7/5
ai-7/6,A literature comparison matrix,ai-7/6
ai-7/7,Hypotheses and measurable outcomes,ai-7/7
ai-7/8,Baselines and fair comparisons,ai-7/8
ai-7/9,Experimental units and independence,ai-7/9
ai-7/10,Confounders and controls,ai-7/10
ai-7/11,Sampling variability,ai-7/11
ai-7/12,Uncertainty intervals,ai-7/12
ai-7/13,Effect size and practical importance,ai-7/13
ai-7/14,Statistical tests and assumptions,ai-7/14
ai-7/15,Multiple comparisons,ai-7/15
ai-7/16,Ablation studies,ai-7/16
ai-7/17,Sensitivity analysis,ai-7/17
ai-7/18,Dataset and benchmark limitations,ai-7/18
ai-7/19,Research ethics and consent,ai-7/19
ai-7/20,Privacy and data governance,ai-7/20
ai-7/21,Predefining an analysis plan,ai-7/21
ai-7/22,Pilot experiments,ai-7/22
ai-7/23,Power and resource tradeoffs,ai-7/23
ai-7/24,Reproducible environment and records,ai-7/24
ai-7/25,Running the primary experiment,ai-7/25
ai-7/26,Inspecting failures and anomalies,ai-7/26
ai-7/27,Robustness across conditions,ai-7/27
ai-7/28,Negative results and claim revision,ai-7/28
ai-7/29,Figures that preserve evidence,ai-7/29
ai-7/30,Writing the methods section,ai-7/30
ai-7/31,Writing results and limitations,ai-7/31
ai-7/32,Peer review and response,ai-7/32
ai-7/33,Independent reproduction check,ai-7/33
ai-7/34,Final project manuscript,ai-7/34
ai-7/35,Presentation and challenge session,ai-7/35
ai-7/36,Research defense and next questions,ai-7/36
